CustomerID,Age,Gender,AnnualIncome,PurchaseFrequency,AvgOrderValue,Cluster
1,48,0,54,8,82.42,0
2,26,1,36,31,31.53,1
3,31,0,27,40,37.85,1
4,58,0,85,5,256.98,2
5,32,0,67,19,103.07,0
6,49,1,77,19,75.2,0
7,22,1,39,23,40.25,1
8,36,0,132,8,163.89,2
9,52,0,94,7,179.92,2
10,24,0,18,48,39.29,1
11,22,0,22,29,51.1,1
12,56,0,99,3,338.83,2
13,43,1,91,6,306.5,2
14,33,1,70,17,88.04,0
15,59,1,123,6,171.03,2
16,38,1,125,5,310.22,2
17,31,0,20,48,31.64,1
18,44,1,115,6,346.02,2
19,45,1,55,12,82.45,0
20,31,0,19,26,25.27,1
21,45,0,63,11,69.46,0
22,24,1,30,24,28.0,1
23,35,0,85,7,395.05,2
24,45,1,63,8,70.89,0
25,29,0,24,37,54.98,1
26,30,1,20,46,40.75,1
27,35,0,63,10,74.2,0
28,25,1,27,35,25.76,1
29,49,0,48,19,86.27,0
30,44,1,60,11,87.51,0
31,26,0,28,24,47.32,1
32,26,1,21,43,38.36,1
33,27,0,22,44,52.33,1
34,49,1,62,8,93.31,0
35,35,0,93,9,327.39,2
36,42,0,56,12,81.98,0
37,30,1,68,11,110.21,0
38,32,1,66,9,113.82,0
39,49,1,116,5,346.86,2
40,32,1,74,9,68.42,0
41,42,1,74,8,66.55,0
42,52,0,105,5,299.62,2
43,27,0,26,45,50.34,1
44,31,1,15,27,22.33,1
45,48,1,52,16,80.02,0
46,50,1,103,4,234.71,2
47,28,0,32,24,40.04,1
48,27,1,15,24,24.58,1
49,51,1,138,9,343.03,2
50,47,0,61,15,68.77,0
51,33,1,59,15,106.96,0
52,45,1,122,8,243.07,2
53,26,0,17,36,22.55,1
54,44,0,49,16,93.18,0
55,33,0,49,14,94.35,0
56,31,0,79,11,89.32,0
57,42,1,134,3,151.36,2
58,46,1,73,18,118.77,0
59,53,0,83,8,153.67,2
60,48,1,76,9,110.01,0
61,47,1,103,6,178.96,2
62,32,0,59,19,65.95,0
63,23,0,20,29,45.21,1
64,26,0,32,34,29.08,1
65,24,1,34,33,30.89,1
66,48,1,63,13,95.98,0
67,23,0,31,24,24.14,1
68,50,0,123,5,284.88,2
69,44,0,51,10,63.2,0
70,30,0,68,19,99.94,0
71,25,1,22,23,46.89,1
72,48,1,57,17,88.76,0
73,46,0,88,4,293.11,2
74,29,0,34,21,39.76,1
75,39,0,68,14,105.84,0
76,40,1,70,9,117.53,0
77,23,1,27,43,46.57,1
78,47,1,73,10,114.64,0
79,42,1,70,9,92.16,0
80,40,1,77,9,96.86,0
81,29,1,32,43,25.12,1
82,44,0,45,19,95.76,0
83,26,1,16,22,39.47,1
84,41,0,130,8,309.4,2
85,48,1,121,8,276.2,2
86,49,1,74,17,66.32,0
87,50,0,135,3,254.6,2
88,22,0,26,47,38.23,1
89,57,0,135,8,270.64,2
90,26,0,15,43,46.47,1
91,22,1,34,29,21.23,1
92,38,0,129,7,350.37,2
93,36,1,78,18,87.77,0
94,25,1,24,47,47.99,1
95,31,0,16,34,27.58,1
96,47,0,81,5,379.33,2
97,54,1,104,7,252.95,2
98,30,1,21,38,50.32,1
99,26,0,25,44,26.68,1
100,32,1,74,9,67.03,0
101,29,1,25,44,37.74,1
102,28,0,38,22,24.72,1
103,59,0,97,8,164.31,2
104,46,0,86,3,276.13,2
105,41,1,71,15,77.29,0
106,56,1,129,8,160.04,2
107,31,1,24,49,33.03,1
108,26,0,37,22,49.87,1
109,42,0,66,16,65.07,0
110,48,1,112,7,362.78,2
111,48,0,137,6,334.18,2
112,22,1,31,33,54.34,1
113,49,0,104,4,325.76,2
114,41,1,132,7,186.28,2
115,48,1,71,14,71.99,0
116,44,1,73,17,76.23,0
117,22,0,16,44,26.13,1
118,31,1,26,30,43.64,1
119,43,1,115,7,311.99,2
120,25,0,17,22,48.89,1
121,23,1,17,39,23.38,1
122,49,1,62,15,108.26,0
123,48,1,95,7,385.15,2
124,38,0,107,6,251.01,2
125,30,0,37,28,46.48,1
126,25,0,39,26,36.34,1
127,42,0,94,9,161.16,2
128,46,0,128,8,198.26,2
129,36,1,71,15,112.06,0
130,26,1,31,32,45.09,1
131,53,1,96,8,228.61,2
132,28,0,26,48,42.87,1
133,47,0,52,10,94.27,0
134,41,1,112,5,294.5,2
135,23,1,34,25,57.0,1
136,47,0,53,10,68.58,0
137,30,0,27,31,57.07,1
138,44,0,60,12,101.14,0
139,31,1,23,23,56.64,1
140,36,0,45,11,115.11,0
141,58,1,137,6,359.77,2
142,43,0,120,4,281.27,2
143,50,0,91,5,272.55,2
144,27,1,36,33,20.86,1
145,35,1,53,17,73.96,0
146,26,0,34,49,51.15,1
147,29,0,16,49,55.72,1
148,33,1,46,10,101.69,0
149,38,1,63,16,83.62,0
150,48,0,48,15,112.05,0
151,46,1,105,5,321.92,2
152,55,1,119,3,262.06,2
153,41,0,60,9,61.27,0
154,28,1,33,25,38.67,1
155,27,1,38,33,53.31,1
156,31,1,18,46,49.94,1
157,36,0,113,5,193.25,2
158,30,1,64,8,87.26,0
159,30,0,34,43,46.59,1
160,46,0,60,9,115.65,0
161,47,0,110,9,398.87,2
162,44,1,64,9,119.82,0
163,48,1,87,9,275.91,2
164,36,0,108,6,187.67,2
165,25,0,15,48,29.64,1
166,31,0,20,21,42.19,1
167,47,0,71,11,92.13,0
168,25,1,15,46,25.61,1
169,42,0,95,3,381.87,2
170,23,0,28,21,37.4,1
171,27,0,35,28,33.26,1
172,48,1,65,9,77.08,0
173,22,1,29,39,42.14,1
174,28,1,37,27,57.44,1
175,38,0,130,4,297.08,2
176,45,1,98,7,362.57,2
177,46,1,59,9,111.03,0
178,29,0,33,29,43.17,1
179,57,0,87,3,183.52,2
180,44,0,114,6,282.85,2
181,22,1,20,22,59.02,1
182,23,0,21,39,49.08,1
183,53,1,110,3,304.08,2
184,47,1,49,9,95.3,0
185,45,0,102,3,195.88,2
186,31,0,60,13,85.01,0
187,36,1,65,17,98.55,0
188,44,1,46,9,96.97,0
189,33,1,56,11,68.63,0
190,40,1,55,19,77.19,0
191,44,0,62,15,85.12,0
192,48,1,122,9,305.09,2
193,26,1,31,34,42.61,1
194,48,1,104,7,340.73,2
195,47,1,45,16,104.34,0
196,34,0,72,19,114.98,0
197,28,1,17,29,53.29,1
198,46,0,79,14,112.5,0
199,46,0,122,4,359.08,2
200,45,0,69,15,75.99,0
