CustomerID,Age,Gender,AnnualIncome,PurchaseFrequency,AvgOrderValue
1,48,Male,54,8,82.42
2,26,Female,36,31,31.53
3,31,Male,27,40,37.85
4,58,Male,85,5,256.98
5,32,Male,67,19,103.07
6,49,Female,77,19,75.2
7,22,Female,39,23,40.25
8,36,Male,132,8,163.89
9,52,Male,94,7,179.92
10,24,Male,18,48,39.29
11,22,Male,22,29,51.1
12,56,Male,99,3,338.83
13,43,Female,91,6,306.5
14,33,Female,70,17,88.04
15,59,Female,123,6,171.03
16,38,Female,125,5,310.22
17,31,Male,20,48,31.64
18,44,Female,115,6,346.02
19,45,Female,55,12,82.45
20,31,Male,19,26,25.27
21,45,Male,63,11,69.46
22,24,Female,30,24,28.0
23,35,Male,85,7,395.05
24,45,Female,63,8,70.89
25,29,Male,24,37,54.98
26,30,Female,20,46,40.75
27,35,Male,63,10,74.2
28,25,Female,27,35,25.76
29,49,Male,48,19,86.27
30,44,Female,60,11,87.51
31,26,Male,28,24,47.32
32,26,Female,21,43,38.36
33,27,Male,22,44,52.33
34,49,Female,62,8,93.31
35,35,Male,93,9,327.39
36,42,Male,56,12,81.98
37,30,Female,68,11,110.21
38,32,Female,66,9,113.82
39,49,Female,116,5,346.86
40,32,Female,74,9,68.42
41,42,Female,74,8,66.55
42,52,Male,105,5,299.62
43,27,Male,26,45,50.34
44,31,Female,15,27,22.33
45,48,Female,52,16,80.02
46,50,Female,103,4,234.71
47,28,Male,32,24,40.04
48,27,Female,15,24,24.58
49,51,Female,138,9,343.03
50,47,Male,61,15,68.77
51,33,Female,59,15,106.96
52,45,Female,122,8,243.07
53,26,Male,17,36,22.55
54,44,Male,49,16,93.18
55,33,Male,49,14,94.35
56,31,Male,79,11,89.32
57,42,Female,134,3,151.36
58,46,Female,73,18,118.77
59,53,Male,83,8,153.67
60,48,Female,76,9,110.01
61,47,Female,103,6,178.96
62,32,Male,59,19,65.95
63,23,Male,20,29,45.21
64,26,Male,32,34,29.08
65,24,Female,34,33,30.89
66,48,Female,63,13,95.98
67,23,Male,31,24,24.14
68,50,Male,123,5,284.88
69,44,Male,51,10,63.2
70,30,Male,68,19,99.94
71,25,Female,22,23,46.89
72,48,Female,57,17,88.76
73,46,Male,88,4,293.11
74,29,Male,34,21,39.76
75,39,Male,68,14,105.84
76,40,Female,70,9,117.53
77,23,Female,27,43,46.57
78,47,Female,73,10,114.64
79,42,Female,70,9,92.16
80,40,Female,77,9,96.86
81,29,Female,32,43,25.12
82,44,Male,45,19,95.76
83,26,Female,16,22,39.47
84,41,Male,130,8,309.4
85,48,Female,121,8,276.2
86,49,Female,74,17,66.32
87,50,Male,135,3,254.6
88,22,Male,26,47,38.23
89,57,Male,135,8,270.64
90,26,Male,15,43,46.47
91,22,Female,34,29,21.23
92,38,Male,129,7,350.37
93,36,Female,78,18,87.77
94,25,Female,24,47,47.99
95,31,Male,16,34,27.58
96,47,Male,81,5,379.33
97,54,Female,104,7,252.95
98,30,Female,21,38,50.32
99,26,Male,25,44,26.68
100,32,Female,74,9,67.03
101,29,Female,25,44,37.74
102,28,Male,38,22,24.72
103,59,Male,97,8,164.31
104,46,Male,86,3,276.13
105,41,Female,71,15,77.29
106,56,Female,129,8,160.04
107,31,Female,24,49,33.03
108,26,Male,37,22,49.87
109,42,Male,66,16,65.07
110,48,Female,112,7,362.78
111,48,Male,137,6,334.18
112,22,Female,31,33,54.34
113,49,Male,104,4,325.76
114,41,Female,132,7,186.28
115,48,Female,71,14,71.99
116,44,Female,73,17,76.23
117,22,Male,16,44,26.13
118,31,Female,26,30,43.64
119,43,Female,115,7,311.99
120,25,Male,17,22,48.89
121,23,Female,17,39,23.38
122,49,Female,62,15,108.26
123,48,Female,95,7,385.15
124,38,Male,107,6,251.01
125,30,Male,37,28,46.48
126,25,Male,39,26,36.34
127,42,Male,94,9,161.16
128,46,Male,128,8,198.26
129,36,Female,71,15,112.06
130,26,Female,31,32,45.09
131,53,Female,96,8,228.61
132,28,Male,26,48,42.87
133,47,Male,52,10,94.27
134,41,Female,112,5,294.5
135,23,Female,34,25,57.0
136,47,Male,53,10,68.58
137,30,Male,27,31,57.07
138,44,Male,60,12,101.14
139,31,Female,23,23,56.64
140,36,Male,45,11,115.11
141,58,Female,137,6,359.77
142,43,Male,120,4,281.27
143,50,Male,91,5,272.55
144,27,Female,36,33,20.86
145,35,Female,53,17,73.96
146,26,Male,34,49,51.15
147,29,Male,16,49,55.72
148,33,Female,46,10,101.69
149,38,Female,63,16,83.62
150,48,Male,48,15,112.05
151,46,Female,105,5,321.92
152,55,Female,119,3,262.06
153,41,Male,60,9,61.27
154,28,Female,33,25,38.67
155,27,Female,38,33,53.31
156,31,Female,18,46,49.94
157,36,Male,113,5,193.25
158,30,Female,64,8,87.26
159,30,Male,34,43,46.59
160,46,Male,60,9,115.65
161,47,Male,110,9,398.87
162,44,Female,64,9,119.82
163,48,Female,87,9,275.91
164,36,Male,108,6,187.67
165,25,Male,15,48,29.64
166,31,Male,20,21,42.19
167,47,Male,71,11,92.13
168,25,Female,15,46,25.61
169,42,Male,95,3,381.87
170,23,Male,28,21,37.4
171,27,Male,35,28,33.26
172,48,Female,65,9,77.08
173,22,Female,29,39,42.14
174,28,Female,37,27,57.44
175,38,Male,130,4,297.08
176,45,Female,98,7,362.57
177,46,Female,59,9,111.03
178,29,Male,33,29,43.17
179,57,Male,87,3,183.52
180,44,Male,114,6,282.85
181,22,Female,20,22,59.02
182,23,Male,21,39,49.08
183,53,Female,110,3,304.08
184,47,Female,49,9,95.3
185,45,Male,102,3,195.88
186,31,Male,60,13,85.01
187,36,Female,65,17,98.55
188,44,Female,46,9,96.97
189,33,Female,56,11,68.63
190,40,Female,55,19,77.19
191,44,Male,62,15,85.12
192,48,Female,122,9,305.09
193,26,Female,31,34,42.61
194,48,Female,104,7,340.73
195,47,Female,45,16,104.34
196,34,Male,72,19,114.98
197,28,Female,17,29,53.29
198,46,Male,79,14,112.5
199,46,Male,122,4,359.08
200,45,Male,69,15,75.99
